vacc_date,received_at_least_one_dose,full_regimen,minimum_protection,received_one_dose_pcttakeup,full_regimen_pcttakeup,minimum_protection_pcttakeup
2020-12-30,627.0,15.0,9.0,0.01,0.0,0.0
2020-12-31,677.0,16.0,9.0,0.01,0.0,0.0
2021-01-01,719.0,16.0,9.0,0.01,0.0,0.0
2021-01-02,762.0,16.0,9.0,0.01,0.0,0.0
2021-01-03,811.0,16.0,9.0,0.01,0.0,0.0
2021-01-04,911.0,16.0,9.0,0.02,0.0,0.0
2021-01-05,999.0,20.0,9.0,0.02,0.0,0.0
2021-01-06,1129.0,23.0,9.0,0.02,0.0,0.0
2021-01-07,1253.0,27.0,9.0,0.02,0.0,0.0
2021-01-08,2107.0,38.0,9.0,0.04,0.0,0.0
2021-01-09,2568.0,44.0,9.0,0.04,0.0,0.0
2021-01-10,2795.0,48.0,9.0,0.05,0.0,0.0
2021-01-11,4954.0,52.0,9.0,0.08,0.0,0.0
2021-01-12,7845.0,65.0,9.0,0.13,0.0,0.0
2021-01-13,11949.0,80.0,9.0,0.2,0.0,0.0
2021-01-14,16726.0,94.0,9.0,0.29,0.0,0.0
2021-01-15,22059.0,107.0,9.0,0.38,0.0,0.0
2021-01-16,23832.0,120.0,9.0,0.41,0.0,0.0
2021-01-17,24546.0,131.0,9.0,0.42,0.0,0.0
2021-01-18,32014.0,166.0,9.0,0.55,0.0,0.0
2021-01-19,40135.0,220.0,9.0,0.68,0.0,0.0
2021-01-20,49176.0,330.0,9.0,0.84,0.01,0.0
2021-01-21,56806.0,398.0,9.0,0.97,0.01,0.0
2021-01-22,64502.0,437.0,9.0,1.1,0.01,0.0
2021-01-23,69235.0,465.0,9.0,1.18,0.01,0.0
2021-01-24,73691.0,544.0,9.0,1.26,0.01,0.0
2021-01-25,85528.0,617.0,9.0,1.46,0.01,0.0
2021-01-26,97967.0,710.0,9.0,1.67,0.01,0.0
2021-01-27,111627.0,751.0,9.0,1.9,0.01,0.0
2021-01-28,125972.0,821.0,9.0,2.15,0.01,0.0
2021-01-29,139777.0,1560.0,9.0,2.38,0.03,0.0
2021-01-30,146873.0,1961.0,9.0,2.5,0.03,0.0
2021-01-31,152404.0,2181.0,9.0,2.6,0.04,0.0
2021-02-01,161402.0,4276.0,9.0,2.75,0.07,0.0
2021-02-02,170924.0,6754.0,9.0,2.91,0.12,0.0
2021-02-03,182185.0,10432.0,9.0,3.1,0.18,0.0
2021-02-04,190827.0,14789.0,9.0,3.25,0.25,0.0
2021-02-05,200145.0,20007.0,9.0,3.41,0.34,0.0
2021-02-06,204480.0,21653.0,9.0,3.48,0.37,0.0
2021-02-07,206785.0,22371.0,9.0,3.52,0.38,0.0
2021-02-08,210812.0,29775.0,9.0,3.59,0.51,0.0
2021-02-09,214456.0,37858.0,9.0,3.65,0.65,0.0
2021-02-10,217524.0,46732.0,9.0,3.71,0.8,0.0
2021-02-11,218966.0,49649.0,9.0,3.73,0.85,0.0
2021-02-12,219068.0,49678.0,9.0,3.73,0.85,0.0
2021-02-13,219176.0,49703.0,9.0,3.74,0.85,0.0
2021-02-14,219752.0,53558.0,9.0,3.75,0.91,0.0
2021-02-15,220972.0,64259.0,9.0,3.77,1.1,0.0
2021-02-16,223286.0,77975.0,9.0,3.81,1.33,0.0
2021-02-17,226712.0,93402.0,9.0,3.86,1.59,0.0
2021-02-18,231010.0,107614.0,9.0,3.94,1.83,0.0
2021-02-19,236745.0,121781.0,9.0,4.03,2.08,0.0
2021-02-20,240632.0,129291.0,9.0,4.1,2.2,0.0
2021-02-21,242698.0,135171.0,9.0,4.14,2.3,0.0
2021-02-22,248962.0,146667.0,9.0,4.24,2.5,0.0
2021-02-23,257089.0,158288.0,9.0,4.38,2.7,0.0
2021-02-24,264801.0,169878.0,9.0,4.51,2.9,0.0
2021-02-25,273484.0,179766.0,9.0,4.66,3.06,0.0
2021-02-26,283493.0,190409.0,9.0,4.83,3.24,0.0
2021-02-27,291888.0,195850.0,9.0,4.97,3.34,0.0
2021-02-28,298055.0,198400.0,9.0,5.08,3.38,0.0
2021-03-01,307819.0,201774.0,9.0,5.25,3.44,0.0
2021-03-02,317866.0,205178.0,9.0,5.42,3.5,0.0
2021-03-03,329145.0,207960.0,9.0,5.61,3.54,0.0
2021-03-04,341550.0,209785.0,9.0,5.82,3.58,0.0
2021-03-05,355326.0,210755.0,9.0,6.06,3.59,0.0
2021-03-06,364267.0,211436.0,9.0,6.21,3.6,0.0
2021-03-07,369102.0,211880.0,9.0,6.29,3.61,0.0
2021-03-08,382868.0,213369.0,9.0,6.52,3.64,0.0
2021-03-09,399705.0,215282.0,9.0,6.81,3.67,0.0
2021-03-10,418669.0,218065.0,9.0,7.14,3.72,0.0
2021-03-11,440824.0,221428.0,9.0,7.51,3.77,0.0
2021-03-12,465640.0,226296.0,9.0,7.94,3.86,0.0
2021-03-13,489226.0,229740.0,9.0,8.34,3.92,0.0
2021-03-14,509244.0,231520.0,9.0,8.68,3.95,0.0
2021-03-15,536831.0,237382.0,9.0,9.15,4.05,0.0
2021-03-16,565848.0,244443.0,9.0,9.64,4.17,0.0
2021-03-17,598856.0,251978.0,9.0,10.21,4.29,0.0
2021-03-18,631797.0,259609.0,10.0,10.77,4.42,0.0
2021-03-19,668182.0,269059.0,10.0,11.39,4.59,0.0
2021-03-20,698217.0,277307.0,10.0,11.9,4.73,0.0
2021-03-21,725417.0,282889.0,10.0,12.36,4.82,0.0
2021-03-22,756019.0,292753.0,10.0,12.88,4.99,0.0
2021-03-23,784157.0,302375.0,10.0,13.36,5.15,0.0
2021-03-24,807911.0,312880.0,10.0,13.77,5.33,0.0
2021-03-25,829188.0,324842.0,10.0,14.13,5.54,0.0
2021-03-26,852328.0,338866.0,10.0,14.53,5.78,0.0
2021-03-27,875471.0,347405.0,10.0,14.92,5.92,0.0
2021-03-28,892117.0,352253.0,10.0,15.2,6.0,0.0
2021-03-29,926575.0,365060.0,10.0,15.79,6.22,0.0
2021-03-30,953770.0,380613.0,10.0,16.25,6.49,0.0
2021-03-31,976823.0,398972.0,10.0,16.65,6.8,0.0
2021-04-01,999759.0,418114.0,10.0,17.04,7.13,0.0
2021-04-02,1018461.0,434311.0,10.0,17.36,7.4,0.0
2021-04-03,1037920.0,456012.0,10.0,17.69,7.77,0.0
2021-04-04,1054280.0,472435.0,10.0,17.97,8.05,0.0
2021-04-05,1082080.0,497449.0,10.0,18.44,8.48,0.0
2021-04-06,1108970.0,522423.0,10.0,18.9,8.9,0.0
2021-04-07,1133894.0,550146.0,10.0,19.32,9.38,0.0
2021-04-08,1157101.0,579130.0,10.0,19.72,9.87,0.0
2021-04-09,1177942.0,614885.0,10.0,20.07,10.48,0.0
2021-04-10,1195912.0,646785.0,10.0,20.38,11.02,0.0
2021-04-11,1215380.0,672268.0,10.0,20.71,11.46,0.0
2021-04-12,1232521.0,701020.0,10.0,21.0,11.95,0.0
2021-04-13,1250957.0,724792.0,10.0,21.32,12.35,0.0
2021-04-14,1270649.0,745410.0,10.0,21.65,12.7,0.0
2021-04-15,1289160.0,766080.0,10.0,21.97,13.06,0.0
2021-04-16,1309216.0,789832.0,10.0,22.31,13.46,0.0
2021-04-17,1325436.0,811965.0,10.0,22.59,13.84,0.0
2021-04-18,1339948.0,827513.0,10.0,22.84,14.1,0.0
2021-04-19,1356940.0,858040.0,10.0,23.13,14.62,0.0
2021-04-20,1378691.0,882237.0,10.0,23.5,15.04,0.0
2021-04-21,1403794.0,902595.0,10.0,23.92,15.38,0.0
2021-04-22,1428714.0,922120.0,10.0,24.35,15.71,0.0
2021-04-23,1453164.0,943780.0,11.0,24.77,16.08,0.0
2021-04-24,1471808.0,968268.0,11.0,25.08,16.5,0.0
2021-04-25,1491626.0,986717.0,11.0,25.42,16.82,0.0
2021-04-26,1510809.0,1013021.0,11.0,25.75,17.26,0.0
2021-04-27,1532251.0,1037966.0,11.0,26.11,17.69,0.0
2021-04-28,1554595.0,1059711.0,11.0,26.49,18.06,0.0
2021-04-29,1580594.0,1079310.0,11.0,26.94,18.39,0.0
2021-04-30,1604725.0,1102231.0,11.0,27.35,18.78,0.0
2021-05-01,1628315.0,1115756.0,11.0,27.75,19.01,0.0
2021-05-02,1648387.0,1132308.0,11.0,28.09,19.3,0.0
2021-05-03,1669805.0,1144313.0,11.0,28.46,19.5,0.0
2021-05-04,1691855.0,1156431.0,11.0,28.83,19.71,0.0
2021-05-05,1712884.0,1170965.0,11.0,29.19,19.96,0.0
2021-05-06,1737455.0,1184263.0,11.0,29.61,20.18,0.0
2021-05-07,1760315.0,1201147.0,11.0,30.0,20.47,0.0
2021-05-08,1779231.0,1217050.0,11.0,30.32,20.74,0.0
2021-05-09,1797156.0,1230551.0,11.0,30.63,20.97,0.0
2021-05-10,1826586.0,1248007.0,11.0,31.13,21.27,0.0
2021-05-11,1853597.0,1268796.0,12.0,31.59,21.62,0.0
2021-05-12,1864959.0,1288216.0,12.0,31.78,21.95,0.0
2021-05-13,1866232.0,1288583.0,13.0,31.8,21.96,0.0
2021-05-14,1883228.0,1327948.0,13.0,32.09,22.63,0.0
2021-05-15,1905555.0,1353762.0,15.0,32.47,23.07,0.0
2021-05-16,1925658.0,1376907.0,15.0,32.82,23.47,0.0
2021-05-17,1942750.0,1399872.0,15.0,33.11,23.86,0.0
2021-05-18,1961540.0,1421610.0,15.0,33.43,24.23,0.0
2021-05-19,1980421.0,1443318.0,15.0,33.75,24.6,0.0
2021-05-20,2004587.0,1466139.0,15.0,34.16,24.99,0.0
2021-05-21,2026142.0,1493807.0,16.0,34.53,25.46,0.0
2021-05-22,2043348.0,1524682.0,16.0,34.82,25.98,0.0
2021-05-23,2061074.0,1549735.0,16.0,35.13,26.41,0.0
2021-05-24,2088338.0,1570101.0,17.0,35.59,26.76,0.0
2021-05-25,2118679.0,1591070.0,17.0,36.11,27.12,0.0
2021-05-26,2145818.0,1605062.0,17.0,36.57,27.35,0.0
2021-05-27,2169930.0,1627211.0,17.0,36.98,27.73,0.0
2021-05-28,2196124.0,1650549.0,18.0,37.43,28.13,0.0
2021-05-29,2221105.0,1671156.0,18.0,37.85,28.48,0.0
2021-05-30,2241630.0,1688890.0,19.0,38.2,28.78,0.0
2021-05-31,2260313.0,1717902.0,19.0,38.52,29.28,0.0
2021-06-01,2286158.0,1738416.0,19.0,38.96,29.63,0.0
2021-06-02,2318794.0,1749328.0,19.0,39.52,29.81,0.0
2021-06-03,2364614.0,1758119.0,21.0,40.3,29.96,0.0
2021-06-04,2403700.0,1777377.0,21.0,40.96,30.29,0.0
2021-06-05,2432876.0,1800955.0,21.0,41.46,30.69,0.0
2021-06-06,2458444.0,1821306.0,22.0,41.9,31.04,0.0
2021-06-07,2484887.0,1836243.0,22.0,42.35,31.29,0.0
2021-06-08,2506630.0,1852151.0,22.0,42.72,31.56,0.0
2021-06-09,2534159.0,1867172.0,22.0,43.19,31.82,0.0
2021-06-10,2565736.0,1878808.0,22.0,43.73,32.02,0.0
2021-06-11,2596976.0,1897265.0,25.0,44.26,32.33,0.0
2021-06-12,2625264.0,1912920.0,25.0,44.74,32.6,0.0
2021-06-13,2652452.0,1925223.0,27.0,45.2,32.81,0.0
2021-06-14,2686199.0,1940265.0,27.0,45.78,33.07,0.0
2021-06-15,2723564.0,1955511.0,30.0,46.42,33.33,0.0
2021-06-16,2767106.0,1970016.0,36.0,47.16,33.57,0.0
2021-06-17,2809017.0,1983785.0,37.0,47.87,33.81,0.0
2021-06-18,2849305.0,2001113.0,40.0,48.56,34.1,0.0
2021-06-19,2888932.0,2017627.0,42.0,49.23,34.38,0.0
2021-06-20,2922604.0,2029503.0,44.0,49.81,34.59,0.0
2021-06-21,2966573.0,2041202.0,46.0,50.56,34.79,0.0
2021-06-22,3007271.0,2052819.0,48.0,51.25,34.98,0.0
2021-06-23,3048398.0,2063666.0,48.0,51.95,35.17,0.0
2021-06-24,3089145.0,2074045.0,51.0,52.65,35.35,0.0
2021-06-25,3129038.0,2085214.0,54.0,53.33,35.54,0.0
2021-06-26,3185258.0,2094764.0,54.0,54.28,35.7,0.0
2021-06-27,3234848.0,2101735.0,58.0,55.13,35.82,0.0
2021-06-28,3285670.0,2111542.0,59.0,56.0,35.99,0.0
2021-06-29,3324807.0,2120494.0,61.0,56.66,36.14,0.0
2021-06-30,3381606.0,2130933.0,67.0,57.63,36.32,0.0
2021-07-01,3443226.0,2148792.0,72.0,58.68,36.62,0.0
2021-07-02,3505835.0,2168169.0,74.0,59.75,36.95,0.0
2021-07-03,3566566.0,2185806.0,79.0,60.78,37.25,0.0
2021-07-04,3620906.0,2203261.0,83.0,61.71,37.55,0.0
2021-07-05,3680441.0,2219707.0,87.0,62.72,37.83,0.0
2021-07-06,3736975.0,2235403.0,90.0,63.69,38.1,0.0
2021-07-07,3793224.0,2252759.0,92.0,64.65,38.39,0.0
2021-07-08,3847703.0,2271394.0,92.0,65.57,38.71,0.0
2021-07-09,3899223.0,2297645.0,97.0,66.45,39.16,0.0
2021-07-10,3945098.0,2323661.0,98.0,67.23,39.6,0.0
2021-07-11,3982194.0,2351535.0,103.0,67.87,40.08,0.0
2021-07-12,4024869.0,2382607.0,103.0,68.59,40.6,0.0
2021-07-13,4056635.0,2415093.0,106.0,69.13,41.16,0.0
2021-07-14,4082275.0,2453935.0,107.0,69.57,41.82,0.0
2021-07-15,4105927.0,2497780.0,111.0,69.97,42.57,0.0
2021-07-16,4130307.0,2555774.0,113.0,70.39,43.56,0.0
2021-07-17,4150727.0,2612438.0,116.0,70.74,44.52,0.0
2021-07-18,4167974.0,2662269.0,118.0,71.03,45.37,0.0
2021-07-19,4182567.0,2692801.0,120.0,71.28,45.89,0.0
2021-07-20,4185142.0,2693698.0,125.0,71.32,45.91,0.0
2021-07-21,4205650.0,2746566.0,128.0,71.67,46.81,0.0
2021-07-22,4224463.0,2796959.0,132.0,71.99,47.67,0.0
2021-07-23,4242275.0,2859390.0,133.0,72.3,48.73,0.0
2021-07-24,4256891.0,2915437.0,137.0,72.55,49.69,0.0
2021-07-25,4270263.0,2962984.0,141.0,72.77,50.5,0.0
2021-07-26,4285432.0,3012755.0,141.0,73.03,51.34,0.0
2021-07-27,4300979.0,3048661.0,145.0,73.3,51.96,0.0
2021-07-28,4315353.0,3095089.0,149.0,73.54,52.75,0.0
2021-07-29,4329924.0,3144403.0,151.0,73.79,53.59,0.0
2021-07-30,4341985.0,3207218.0,152.0,74.0,54.66,0.0
2021-07-31,4352662.0,3267144.0,156.0,74.18,55.68,0.0
2021-08-01,4360738.0,3319453.0,158.0,74.32,56.57,0.0
2021-08-02,4371891.0,3373581.0,165.0,74.51,57.49,0.0
2021-08-03,4383261.0,3424059.0,171.0,74.7,58.35,0.0
2021-08-04,4393830.0,3476601.0,175.0,74.88,59.25,0.0
2021-08-05,4403999.0,3531993.0,181.0,75.05,60.19,0.0
2021-08-06,4414165.0,3595684.0,190.0,75.23,61.28,0.0
2021-08-07,4425511.0,3655374.0,199.0,75.42,62.3,0.0
2021-08-08,4435700.0,3705487.0,205.0,75.59,63.15,0.0
2021-08-09,4445736.0,3738459.0,220.0,75.77,63.71,0.0
2021-08-10,4458631.0,3774883.0,227.0,75.99,64.33,0.0
2021-08-11,4470692.0,3810781.0,237.0,76.19,64.94,0.0
2021-08-12,4481772.0,3845458.0,246.0,76.38,65.54,0.0
2021-08-13,4494348.0,3890062.0,254.0,76.59,66.3,0.0
2021-08-14,4506758.0,3933415.0,273.0,76.81,67.03,0.0
2021-08-15,4514982.0,3962593.0,286.0,76.95,67.53,0.0
2021-08-16,4525126.0,3981749.0,292.0,77.12,67.86,0.0
2021-08-17,4533993.0,3996928.0,298.0,77.27,68.12,0.01
2021-08-18,4542406.0,4012706.0,311.0,77.41,68.39,0.01
2021-08-19,4550135.0,4027122.0,324.0,77.54,68.63,0.01
2021-08-20,4559593.0,4045840.0,337.0,77.71,68.95,0.01
2021-08-21,4568247.0,4061291.0,361.0,77.85,69.21,0.01
2021-08-22,4573542.0,4069760.0,377.0,77.94,69.36,0.01
2021-08-23,4580112.0,4082688.0,411.0,78.06,69.58,0.01
2021-08-24,4586211.0,4093788.0,429.0,78.16,69.77,0.01
2021-08-25,4592720.0,4105110.0,451.0,78.27,69.96,0.01
2021-08-26,4598713.0,4115754.0,472.0,78.37,70.14,0.01
2021-08-27,4606189.0,4130558.0,494.0,78.5,70.39,0.01
2021-08-28,4612594.0,4144026.0,521.0,78.61,70.62,0.01
2021-08-29,4616393.0,4152400.0,537.0,78.67,70.77,0.01
2021-08-30,4622269.0,4161844.0,565.0,78.77,70.93,0.01
2021-08-31,4628218.0,4172926.0,594.0,78.88,71.12,0.01
2021-09-01,4634075.0,4182614.0,621.0,78.97,71.28,0.01
2021-09-02,4639676.0,4191766.0,644.0,79.07,71.44,0.01
2021-09-03,4645936.0,4205265.0,669.0,79.18,71.67,0.01
2021-09-04,4651336.0,4219280.0,695.0,79.27,71.91,0.01
2021-09-05,4655009.0,4228580.0,704.0,79.33,72.06,0.01
2021-09-06,4660235.0,4236615.0,736.0,79.42,72.2,0.01
2021-09-07,4665278.0,4243981.0,759.0,79.51,72.33,0.01
2021-09-08,4670317.0,4250892.0,791.0,79.59,72.44,0.01
2021-09-09,4674839.0,4257704.0,816.0,79.67,72.56,0.01
2021-09-10,4679078.0,4268738.0,838.0,79.74,72.75,0.01
2021-09-11,4682997.0,4279124.0,868.0,79.81,72.93,0.01
2021-09-12,4686797.0,4286994.0,974.0,79.87,73.06,0.02
2021-09-13,4690543.0,4293228.0,1006.0,79.94,73.17,0.02
2021-09-14,4694393.0,4299109.0,1207.0,80.0,73.27,0.02
2021-09-15,4698808.0,4304960.0,5965.0,80.08,73.37,0.1
2021-09-16,4703013.0,4310469.0,9116.0,80.15,73.46,0.16
2021-09-17,4708040.0,4318876.0,17405.0,80.24,73.6,0.3
2021-09-18,4711929.0,4326158.0,30444.0,80.3,73.73,0.52
2021-09-19,4714922.0,4331615.0,38567.0,80.35,73.82,0.66
2021-09-20,4718845.0,4337051.0,50465.0,80.42,73.91,0.86
2021-09-21,4722681.0,4341939.0,58687.0,80.49,74.0,1.0
2021-09-22,4726261.0,4347320.0,73966.0,80.55,74.09,1.26
2021-09-23,4730486.0,4351978.0,90894.0,80.62,74.17,1.55
2021-09-24,4734823.0,4358868.0,114365.0,80.69,74.28,1.95
2021-09-25,4738184.0,4365122.0,136136.0,80.75,74.39,2.32
2021-09-26,4741631.0,4371524.0,151529.0,80.81,74.5,2.58
2021-09-27,4745265.0,4376126.0,173721.0,80.87,74.58,2.96
2021-09-28,4749442.0,4380928.0,197895.0,80.94,74.66,3.37
2021-09-29,4753152.0,4385581.0,218044.0,81.0,74.74,3.72
2021-09-30,4756686.0,4390331.0,239197.0,81.06,74.82,4.08
2021-10-01,4759915.0,4394819.0,260452.0,81.12,74.9,4.44
2021-10-02,4762380.0,4398667.0,282161.0,81.16,74.96,4.81
2021-10-03,4764691.0,4402632.0,301022.0,81.2,75.03,5.13
2021-10-04,4767622.0,4405731.0,322966.0,81.25,75.08,5.5
2021-10-05,4771170.0,4409452.0,342967.0,81.31,75.15,5.84
2021-10-06,4774751.0,4412948.0,358670.0,81.37,75.21,6.11
2021-10-07,4778252.0,4416181.0,373352.0,81.43,75.26,6.36
2021-10-08,4782017.0,4420660.0,394247.0,81.5,75.34,6.72
2021-10-09,4785680.0,4424705.0,413453.0,81.56,75.41,7.05
2021-10-10,4789553.0,4429371.0,439753.0,81.62,75.49,7.49
2021-10-11,4794290.0,4432474.0,466193.0,81.71,75.54,7.94
2021-10-12,4798260.0,4435645.0,488742.0,81.77,75.59,8.33
2021-10-13,4801817.0,4438501.0,507936.0,81.83,75.64,8.66
2021-10-14,4805086.0,4441229.0,525513.0,81.89,75.69,8.96
2021-10-15,4808986.0,4444818.0,554429.0,81.96,75.75,9.45
2021-10-16,4812331.0,4448131.0,577183.0,82.01,75.81,9.84
2021-10-17,4814146.0,4449949.0,588453.0,82.04,75.84,10.03
2021-10-18,4817039.0,4453178.0,604579.0,82.09,75.89,10.3
2021-10-19,4819529.0,4455686.0,622280.0,82.14,75.93,10.61
2021-10-20,4821459.0,4458168.0,636931.0,82.17,75.98,10.85
2021-10-21,4823874.0,4461261.0,654365.0,82.21,76.03,11.15
2021-10-22,4826208.0,4464334.0,680217.0,82.25,76.08,11.59
2021-10-23,4828641.0,4469012.0,698711.0,82.29,76.16,11.91
2021-10-24,4830004.0,4470719.0,708431.0,82.31,76.19,12.07
2021-10-25,4832427.0,4473835.0,723563.0,82.36,76.24,12.33
2021-10-26,4834905.0,4477114.0,743680.0,82.4,76.3,12.67
2021-10-27,4837057.0,4480200.0,758640.0,82.43,76.35,12.93
2021-10-28,4839445.0,4483512.0,776709.0,82.47,76.41,13.24
2021-10-29,4841685.0,4487200.0,808399.0,82.51,76.47,13.78
2021-10-30,4844098.0,4492730.0,832617.0,82.55,76.57,14.19
2021-10-31,4845624.0,4495668.0,847368.0,82.58,76.62,14.44
2021-11-01,4847900.0,4499692.0,865410.0,82.62,76.68,14.75
2021-11-02,4849975.0,4503224.0,887621.0,82.65,76.75,15.13
2021-11-03,4851834.0,4506310.0,903289.0,82.69,76.8,15.39
2021-11-04,4852657.0,4507595.0,903812.0,82.7,76.82,15.4
2021-11-05,4855159.0,4512777.0,933339.0,82.74,76.91,15.91
2021-11-06,4857215.0,4517467.0,956619.0,82.78,76.99,16.3
2021-11-07,4858503.0,4519740.0,970863.0,82.8,77.03,16.55
2021-11-08,4860418.0,4523915.0,988509.0,82.83,77.1,16.85
2021-11-09,4862897.0,4527528.0,1011925.0,82.87,77.16,17.25
2021-11-10,4865119.0,4531168.0,1032295.0,82.91,77.22,17.59
2021-11-11,4867479.0,4534861.0,1052137.0,82.95,77.28,17.93
2021-11-12,4869819.0,4538989.0,1080597.0,82.99,77.35,18.42
2021-11-13,4871838.0,4542453.0,1105807.0,83.03,77.41,18.85
2021-11-14,4873450.0,4545933.0,1122563.0,83.05,77.47,19.13
2021-11-15,4875490.0,4549358.0,1141133.0,83.09,77.53,19.45
2021-11-16,4877433.0,4552926.0,1162191.0,83.12,77.59,19.81
2021-11-17,4879152.0,4556103.0,1178644.0,83.15,77.65,20.09
2021-11-18,4880812.0,4559617.0,1195782.0,83.18,77.71,20.38
2021-11-19,4882485.0,4562992.0,1221736.0,83.21,77.76,20.82
2021-11-20,4884191.0,4566132.0,1245555.0,83.24,77.82,21.23
2021-11-21,4885619.0,4569021.0,1262420.0,83.26,77.87,21.51
2021-11-22,4887382.0,4572113.0,1280382.0,83.29,77.92,21.82
2021-11-23,4889084.0,4575276.0,1296814.0,83.32,77.97,22.1
2021-11-24,4890748.0,4578253.0,1310683.0,83.35,78.02,22.34
2021-11-25,4892563.0,4581587.0,1324782.0,83.38,78.08,22.58
2021-11-26,4894163.0,4585070.0,1350394.0,83.41,78.14,23.01
2021-11-27,4895587.0,4587792.0,1373340.0,83.43,78.19,23.4
2021-11-28,4896772.0,4590549.0,1387166.0,83.45,78.23,23.64
2021-11-29,4898366.0,4593615.0,1402323.0,83.48,78.29,23.9
2021-11-30,4900110.0,4596993.0,1423973.0,83.51,78.34,24.27
2021-12-01,4901667.0,4600058.0,1438550.0,83.54,78.4,24.52
2021-12-02,4903096.0,4603583.0,1452064.0,83.56,78.46,24.75
2021-12-03,4904439.0,4607811.0,1474642.0,83.58,78.53,25.13
2021-12-04,4905763.0,4612354.0,1495509.0,83.61,78.6,25.49
2021-12-05,4906642.0,4614655.0,1509771.0,83.62,78.64,25.73
2021-12-06,4907846.0,4619102.0,1525503.0,83.64,78.72,26.0
2021-12-07,4909074.0,4623224.0,1544672.0,83.66,78.79,26.32
2021-12-08,4910267.0,4627297.0,1560058.0,83.68,78.86,26.59
2021-12-09,4911450.0,4631244.0,1574162.0,83.7,78.93,26.83
2021-12-10,4912231.0,4635285.0,1597420.0,83.72,79.0,27.22
2021-12-11,4913289.0,4639606.0,1618790.0,83.73,79.07,27.59
2021-12-12,4914041.0,4641831.0,1632818.0,83.75,79.11,27.83
2021-12-13,4915051.0,4645874.0,1649600.0,83.76,79.18,28.11
2021-12-14,4915999.0,4649734.0,1674915.0,83.78,79.24,28.54
2021-12-15,4916910.0,4653592.0,1694701.0,83.8,79.31,28.88
2021-12-16,4917687.0,4657530.0,1716402.0,83.81,79.37,29.25
2021-12-17,4918424.0,4661565.0,1742589.0,83.82,79.44,29.7
2021-12-18,4919317.0,4665342.0,1767276.0,83.84,79.51,30.12
2021-12-19,4919857.0,4667447.0,1786720.0,83.85,79.54,30.45
2021-12-20,4920828.0,4671523.0,1815339.0,83.86,79.61,30.94
2021-12-21,4921719.0,4675216.0,1845110.0,83.88,79.68,31.44
2021-12-22,4922624.0,4678985.0,1877154.0,83.89,79.74,31.99
2021-12-23,4923456.0,4682605.0,1912228.0,83.91,79.8,32.59
2021-12-24,4923869.0,4685048.0,1934686.0,83.91,79.84,32.97
2021-12-25,4924021.0,4685779.0,1935174.0,83.92,79.86,32.98
2021-12-26,4924790.0,4688908.0,1976842.0,83.93,79.91,33.69
2021-12-27,4928937.0,4693293.0,2017008.0,84.0,79.98,34.37
2021-12-28,4933239.0,4697624.0,2061624.0,84.07,80.06,35.13
2021-12-29,4939207.0,4701565.0,2103884.0,84.18,80.13,35.85
2021-12-30,4945545.0,4705612.0,2146105.0,84.28,80.19,36.57
2021-12-31,4949170.0,4707998.0,2169673.0,84.34,80.23,36.98
2022-01-01,4949416.0,4708536.0,2170331.0,84.35,80.24,36.99
2022-01-02,4956593.0,4710912.0,2210150.0,84.47,80.28,37.67
2022-01-03,4966562.0,4713827.0,2247726.0,84.64,80.33,38.31
2022-01-04,4971191.0,4716447.0,2284314.0,84.72,80.38,38.93
2022-01-05,4973317.0,4718907.0,2318863.0,84.76,80.42,39.52
2022-01-06,4979604.0,4721250.0,2358864.0,84.86,80.46,40.2
2022-01-07,4988544.0,4723842.0,2409041.0,85.02,80.5,41.06
2022-01-08,4999314.0,4726465.0,2456919.0,85.2,80.55,41.87
2022-01-09,5008892.0,4727670.0,2497172.0,85.36,80.57,42.56
2022-01-10,5014151.0,4730120.0,2538314.0,85.45,80.61,43.26
2022-01-11,5017709.0,4732380.0,2573850.0,85.51,80.65,43.86
2022-01-12,5022393.0,4734647.0,2607726.0,85.59,80.69,44.44
2022-01-13,5029645.0,4736963.0,2642260.0,85.72,80.73,45.03
2022-01-14,5039071.0,4739456.0,2686902.0,85.88,80.77,45.79
2022-01-15,5050309.0,4741295.0,2728761.0,86.07,80.8,46.5
2022-01-16,5059046.0,4742689.0,2759504.0,86.22,80.83,47.03
2022-01-17,5063239.0,4745899.0,2791308.0,86.29,80.88,47.57
2022-01-18,5066459.0,4748893.0,2817163.0,86.34,80.93,48.01
2022-01-19,5070249.0,4752341.0,2842103.0,86.41,80.99,48.44
2022-01-20,5075581.0,4756157.0,2867553.0,86.5,81.06,48.87
2022-01-21,5082793.0,4761222.0,2900703.0,86.62,81.14,49.43
2022-01-22,5090759.0,4766740.0,2930839.0,86.76,81.24,49.95
2022-01-23,5097582.0,4771303.0,2951227.0,86.87,81.31,50.3
2022-01-24,5101039.0,4776846.0,2979120.0,86.93,81.41,50.77
2022-01-25,5105110.0,4781793.0,3003752.0,87.0,81.49,51.19
2022-01-26,5109541.0,4786286.0,3025003.0,87.08,81.57,51.55
2022-01-27,5114464.0,4792780.0,3046922.0,87.16,81.68,51.93
2022-01-28,5118042.0,4801667.0,3075875.0,87.22,81.83,52.42
2022-01-29,5121952.0,4810672.0,3099585.0,87.29,81.98,52.82
2022-01-30,5124015.0,4819551.0,3114905.0,87.32,82.14,53.08
2022-01-31,5127122.0,4823494.0,3125334.0,87.38,82.2,53.26
2022-02-01,5127335.0,4823940.0,3125911.0,87.38,82.21,53.27
2022-02-02,5127665.0,4824593.0,3126640.0,87.39,82.22,53.28
2022-02-03,5133600.0,4831633.0,3147958.0,87.49,82.34,53.65
2022-02-04,5136681.0,4840148.0,3175317.0,87.54,82.49,54.11
2022-02-05,5138849.0,4850681.0,3199241.0,87.58,82.67,54.52
2022-02-06,5141212.0,4858735.0,3217208.0,87.62,82.8,54.83
2022-02-07,5143954.0,4865072.0,3240849.0,87.66,82.91,55.23
2022-02-08,5146447.0,4870776.0,3264145.0,87.71,83.01,55.63
2022-02-09,5148953.0,4876851.0,3288654.0,87.75,83.11,56.05
2022-02-10,5152124.0,4884718.0,3315271.0,87.8,83.25,56.5
2022-02-11,5153843.0,4895151.0,3348423.0,87.83,83.42,57.06
2022-02-12,5155318.0,4906585.0,3379316.0,87.86,83.62,57.59
2022-02-13,5156920.0,4915176.0,3404897.0,87.89,83.77,58.03
2022-02-14,5159679.0,4920144.0,3428669.0,87.93,83.85,58.43
2022-02-15,5161647.0,4924425.0,3445316.0,87.97,83.92,58.72
2022-02-16,5163881.0,4928947.0,3461825.0,88.0,84.0,59.0
2022-02-17,5166794.0,4934458.0,3478516.0,88.05,84.09,59.28
2022-02-18,5168848.0,4942967.0,3502300.0,88.09,84.24,59.69
2022-02-19,5170853.0,4952294.0,3524789.0,88.12,84.4,60.07
2022-02-20,5173228.0,4958323.0,3539975.0,88.16,84.5,60.33
2022-02-21,5175196.0,4961549.0,3553718.0,88.2,84.56,60.56
2022-02-22,5176791.0,4964273.0,3564882.0,88.22,84.6,60.75
2022-02-23,5178474.0,4966741.0,3576401.0,88.25,84.64,60.95
2022-02-24,5180789.0,4971485.0,3588624.0,88.29,84.73,61.16
2022-02-25,5182590.0,4978643.0,3606788.0,88.32,84.85,61.47
2022-02-26,5185177.0,4986694.0,3624492.0,88.37,84.98,61.77
2022-02-27,5187207.0,4991731.0,3635166.0,88.4,85.07,61.95
2022-02-28,5188286.0,4995188.0,3647044.0,88.42,85.13,62.15
2022-03-01,5189143.0,4997917.0,3656359.0,88.43,85.18,62.31
2022-03-02,5189763.0,5000397.0,3664667.0,88.45,85.22,62.45
2022-03-03,5190638.0,5003442.0,3673859.0,88.46,85.27,62.61
2022-03-04,5191789.0,5007287.0,3686997.0,88.48,85.34,62.83
2022-03-05,5193357.0,5011260.0,3700351.0,88.51,85.4,63.06
2022-03-06,5194006.0,5013343.0,3708258.0,88.52,85.44,63.2
2022-03-07,5194694.0,5015948.0,3716857.0,88.53,85.48,63.34
2022-03-08,5195190.0,5018186.0,3723930.0,88.54,85.52,63.46
2022-03-09,5195706.0,5020304.0,3731260.0,88.55,85.56,63.59
2022-03-10,5196565.0,5022991.0,3739048.0,88.56,85.6,63.72
2022-03-11,5197424.0,5026666.0,3751090.0,88.58,85.67,63.93
2022-03-12,5198812.0,5030615.0,3763405.0,88.6,85.73,64.14
2022-03-13,5199853.0,5033220.0,3772270.0,88.62,85.78,64.29
2022-03-14,5201000.0,5036276.0,3781282.0,88.64,85.83,64.44
2022-03-15,5201843.0,5038760.0,3789272.0,88.65,85.87,64.58
2022-03-16,5202687.0,5041196.0,3797312.0,88.67,85.91,64.71
2022-03-17,5203559.0,5044057.0,3805296.0,88.68,85.96,64.85
2022-03-18,5204346.0,5047939.0,3814980.0,88.69,86.03,65.02
2022-03-19,5205005.0,5051886.0,3823614.0,88.7,86.1,65.16
2022-03-20,5205510.0,5054673.0,3829600.0,88.71,86.14,65.26
2022-03-21,5206292.0,5056894.0,3835834.0,88.73,86.18,65.37
2022-03-22,5206961.0,5058640.0,3841183.0,88.74,86.21,65.46
2022-03-23,5207417.0,5060442.0,3846662.0,88.75,86.24,65.56
2022-03-24,5207863.0,5062227.0,3852763.0,88.75,86.27,65.66
2022-03-25,5208486.0,5064883.0,3861883.0,88.76,86.32,65.82
2022-03-26,5209189.0,5067873.0,3871030.0,88.78,86.37,65.97
2022-03-27,5209615.0,5069640.0,3877936.0,88.78,86.4,66.09
2022-03-28,5210045.0,5071396.0,3885183.0,88.79,86.43,66.21
2022-03-29,5210381.0,5072922.0,3891416.0,88.8,86.45,66.32
2022-03-30,5210730.0,5074425.0,3898049.0,88.8,86.48,66.43
2022-03-31,5211077.0,5076186.0,3904833.0,88.81,86.51,66.55
2022-04-01,5211577.0,5077900.0,3912713.0,88.82,86.54,66.68
2022-04-02,5212092.0,5079990.0,3920854.0,88.83,86.57,66.82
2022-04-03,5212409.0,5081188.0,3926618.0,88.83,86.59,66.92
2022-04-04,5212758.0,5082655.0,3932621.0,88.84,86.62,67.02
2022-04-05,5213110.0,5083849.0,3937646.0,88.84,86.64,67.11
2022-04-06,5213449.0,5085122.0,3942675.0,88.85,86.66,67.19
2022-04-07,5213878.0,5086601.0,3948062.0,88.86,86.69,67.28
2022-04-08,5214409.0,5088423.0,3955738.0,88.87,86.72,67.41
2022-04-09,5215345.0,5090693.0,3963515.0,88.88,86.76,67.55
2022-04-10,5215731.0,5091996.0,3969301.0,88.89,86.78,67.65
2022-04-11,5216063.0,5093184.0,3975070.0,88.89,86.8,67.74
2022-04-12,5216355.0,5094420.0,3980496.0,88.9,86.82,67.84
2022-04-13,5216687.0,5095869.0,3986040.0,88.9,86.84,67.93
2022-04-14,5216916.0,5096838.0,3991608.0,88.91,86.86,68.03
2022-04-15,5216973.0,5097190.0,3992371.0,88.91,86.87,68.04
2022-04-16,5217658.0,5099088.0,4001179.0,88.92,86.9,68.19
2022-04-17,5217942.0,5100149.0,4006234.0,88.93,86.92,68.28
2022-04-18,5218261.0,5101354.0,4011587.0,88.93,86.94,68.37
2022-04-19,5218488.0,5102432.0,4016267.0,88.93,86.96,68.45
2022-04-20,5218800.0,5103480.0,4020895.0,88.94,86.97,68.53
2022-04-21,5219114.0,5104581.0,4025669.0,88.95,86.99,68.61
2022-04-22,5219665.0,5106096.0,4032177.0,88.95,87.02,68.72
2022-04-23,5220231.0,5107627.0,4039035.0,88.96,87.05,68.83
2022-04-24,5220555.0,5108571.0,4044486.0,88.97,87.06,68.93
2022-04-25,5220846.0,5109607.0,4049891.0,88.97,87.08,69.02
2022-04-26,5221084.0,5110503.0,4054464.0,88.98,87.09,69.1
2022-04-27,5221332.0,5111319.0,4058734.0,88.98,87.11,69.17
2022-04-28,5221641.0,5112269.0,4063232.0,88.99,87.12,69.25
2022-04-29,5222136.0,5113737.0,4070717.0,89.0,87.15,69.37
2022-04-30,5222665.0,5115404.0,4080150.0,89.01,87.18,69.53
2022-05-01,5222895.0,5115562.0,4080904.0,89.01,87.18,69.55
2022-05-02,5222991.0,5116111.0,4087264.0,89.01,87.19,69.66
2022-05-03,5223059.0,5116350.0,4087668.0,89.01,87.19,69.66
2022-05-04,5223281.0,5117057.0,4094184.0,89.02,87.21,69.77
2022-05-05,5223454.0,5117667.0,4099371.0,89.02,87.22,69.86
2022-05-06,5223724.0,5118334.0,4105566.0,89.02,87.23,69.97
2022-05-07,5224038.0,5119240.0,4111804.0,89.03,87.24,70.07
2022-05-08,5224304.0,5120084.0,4116145.0,89.03,87.26,70.15
2022-05-09,5224508.0,5120694.0,4121971.0,89.04,87.27,70.25
2022-05-10,5224740.0,5121340.0,4126875.0,89.04,87.28,70.33
2022-05-11,5224956.0,5122059.0,4131419.0,89.04,87.29,70.41
2022-05-12,5225196.0,5122739.0,4136395.0,89.05,87.3,70.49
2022-05-13,5225575.0,5123715.0,4144034.0,89.06,87.32,70.62
2022-05-14,5225887.0,5124555.0,4151060.0,89.06,87.33,70.74
2022-05-15,5225949.0,5124723.0,4151806.0,89.06,87.34,70.76
2022-05-16,5226318.0,5125599.0,4158770.0,89.07,87.35,70.87
2022-05-17,5226541.0,5126381.0,4165512.0,89.07,87.36,70.99
2022-05-18,5226806.0,5127177.0,4171145.0,89.08,87.38,71.09
2022-05-19,5227063.0,5127913.0,4176000.0,89.08,87.39,71.17
2022-05-20,5227391.0,5128776.0,4182433.0,89.09,87.41,71.28
2022-05-21,5227817.0,5129908.0,4190235.0,89.09,87.43,71.41
2022-05-22,5228083.0,5130515.0,4195341.0,89.1,87.44,71.5
2022-05-23,5228326.0,5131199.0,4200243.0,89.1,87.45,71.58
2022-05-24,5228586.0,5131856.0,4205359.0,89.11,87.46,71.67
2022-05-25,5228828.0,5132601.0,4209850.0,89.11,87.47,71.75
2022-05-26,5229131.0,5133299.0,4214403.0,89.12,87.48,71.82
2022-05-27,5229518.0,5134184.0,4221066.0,89.12,87.5,71.94
2022-05-28,5229977.0,5135156.0,4228499.0,89.13,87.51,72.06
2022-05-29,5230292.0,5135853.0,4234130.0,89.14,87.53,72.16
2022-05-30,5230678.0,5136687.0,4240442.0,89.14,87.54,72.27
2022-05-31,5230967.0,5137418.0,4246849.0,89.15,87.55,72.38
2022-06-01,5231282.0,5138090.0,4250274.0,89.15,87.56,72.43
2022-06-02,5231548.0,5138672.0,4253593.0,89.16,87.57,72.49
2022-06-03,5231822.0,5139360.0,4257640.0,89.16,87.59,72.56
2022-06-04,5232193.0,5140293.0,4262273.0,89.17,87.6,72.64
2022-06-05,5232437.0,5140856.0,4265436.0,89.17,87.61,72.69
2022-06-06,5232773.0,5141649.0,4269260.0,89.18,87.63,72.76
2022-06-07,5233018.0,5142360.0,4272404.0,89.18,87.64,72.81
2022-06-08,5233316.0,5143123.0,4275542.0,89.19,87.65,72.86
2022-06-09,5233586.0,5143799.0,4278424.0,89.19,87.66,72.91
2022-06-10,5233795.0,5144481.0,4282233.0,89.2,87.67,72.98
2022-06-11,5234013.0,5145188.0,4286305.0,89.2,87.69,73.05
2022-06-12,5234237.0,5145984.0,4289107.0,89.2,87.7,73.1
2022-06-13,5234503.0,5146793.0,4292286.0,89.21,87.71,73.15
2022-06-14,5234714.0,5147446.0,4295243.0,89.21,87.72,73.2
2022-06-15,5234996.0,5148203.0,4297825.0,89.22,87.74,73.24
2022-06-16,5235257.0,5148925.0,4300433.0,89.22,87.75,73.29
2022-06-17,5235504.0,5149679.0,4303580.0,89.22,87.76,73.34
2022-06-18,5235736.0,5150426.0,4306734.0,89.23,87.77,73.4
2022-06-19,5235901.0,5151010.0,4308821.0,89.23,87.78,73.43
2022-06-20,5236189.0,5151989.0,4311794.0,89.24,87.8,73.48
2022-06-21,5236432.0,5152744.0,4314771.0,89.24,87.81,73.53
2022-06-22,5236760.0,5153572.0,4317763.0,89.25,87.83,73.58
2022-06-23,5237090.0,5154391.0,4320607.0,89.25,87.84,73.63
2022-06-24,5237368.0,5155186.0,4324193.0,89.26,87.86,73.69
2022-06-25,5237632.0,5156129.0,4327798.0,89.26,87.87,73.76
2022-06-26,5237779.0,5156661.0,4329742.0,89.26,87.88,73.79
2022-06-27,5237992.0,5157323.0,4332615.0,89.27,87.89,73.84
2022-06-28,5238169.0,5157956.0,4335237.0,89.27,87.9,73.88
2022-06-29,5238477.0,5158786.0,4338136.0,89.28,87.92,73.93
2022-06-30,5238768.0,5159716.0,4341633.0,89.28,87.93,73.99
2022-07-01,5238967.0,5160282.0,4344137.0,89.28,87.94,74.03
2022-07-02,5239182.0,5160821.0,4346633.0,89.29,87.95,74.08
2022-07-03,5239292.0,5161158.0,4347610.0,89.29,87.96,74.09
2022-07-04,5239501.0,5161786.0,4350238.0,89.29,87.97,74.14
2022-07-05,5239649.0,5162306.0,4352429.0,89.3,87.98,74.18
2022-07-06,5239892.0,5162834.0,4354677.0,89.3,87.99,74.21
2022-07-07,5240110.0,5163368.0,4356941.0,89.3,88.0,74.25
2022-07-08,5240373.0,5163979.0,4360069.0,89.31,88.01,74.31
2022-07-09,5240560.0,5164450.0,4362945.0,89.31,88.01,74.35
2022-07-10,5240657.0,5164776.0,4363676.0,89.31,88.02,74.37
2022-07-11,5240722.0,5165044.0,4364334.0,89.31,88.02,74.38
2022-07-12,5240874.0,5165518.0,4366906.0,89.32,88.03,74.42
2022-07-13,5241070.0,5166077.0,4369207.0,89.32,88.04,74.46
2022-07-14,5241311.0,5166674.0,4371515.0,89.32,88.05,74.5
2022-07-15,5241538.0,5167309.0,4374518.0,89.33,88.06,74.55
2022-07-16,5241706.0,5167854.0,4377598.0,89.33,88.07,74.6
2022-07-17,5241803.0,5168123.0,4378831.0,89.33,88.08,74.63
2022-07-18,5242000.0,5168714.0,4381597.0,89.34,88.09,74.67
2022-07-19,5242228.0,5169417.0,4383998.0,89.34,88.1,74.71
2022-07-20,5242494.0,5170071.0,4386135.0,89.34,88.11,74.75
2022-07-21,5242713.0,5170745.0,4388306.0,89.35,88.12,74.79
2022-07-22,5242952.0,5171340.0,4390993.0,89.35,88.13,74.83
2022-07-23,5243171.0,5171912.0,4393574.0,89.36,88.14,74.88
2022-07-24,5243292.0,5172237.0,4394985.0,89.36,88.15,74.9
2022-07-25,5243551.0,5172878.0,4397453.0,89.36,88.16,74.94
2022-07-26,5243731.0,5173397.0,4399640.0,89.36,88.17,74.98
2022-07-27,5243985.0,5173957.0,4401743.0,89.37,88.18,75.02
2022-07-28,5244229.0,5174492.0,4403812.0,89.37,88.18,75.05
2022-07-29,5244425.0,5175068.0,4406333.0,89.38,88.19,75.09
2022-07-30,5244605.0,5175524.0,4408705.0,89.38,88.2,75.13
2022-07-31,5244688.0,5175734.0,4409536.0,89.38,88.21,75.15
2022-08-01,5244893.0,5176240.0,4411817.0,89.38,88.21,75.19
2022-08-02,5245089.0,5176690.0,4413793.0,89.39,88.22,75.22
2022-08-03,5245341.0,5177146.0,4415515.0,89.39,88.23,75.25
2022-08-04,5245564.0,5177622.0,4417334.0,89.4,88.24,75.28
2022-08-05,5245783.0,5178236.0,4419847.0,89.4,88.25,75.32
2022-08-06,5245973.0,5178728.0,4422217.0,89.4,88.26,75.36
2022-08-07,5246082.0,5179022.0,4423466.0,89.4,88.26,75.39
2022-08-08,5246303.0,5179527.0,4425764.0,89.41,88.27,75.42
2022-08-09,5246389.0,5179768.0,4426274.0,89.41,88.27,75.43
2022-08-10,5246618.0,5180320.0,4428510.0,89.41,88.28,75.47
2022-08-11,5246789.0,5180781.0,4430307.0,89.42,88.29,75.5
2022-08-12,5246983.0,5181269.0,4432463.0,89.42,88.3,75.54
2022-08-13,5247142.0,5181704.0,4434468.0,89.42,88.31,75.57
2022-08-14,5247205.0,5181902.0,4435101.0,89.42,88.31,75.58
2022-08-15,5247375.0,5182355.0,4437093.0,89.43,88.32,75.62
2022-08-16,5247538.0,5182809.0,4438855.0,89.43,88.33,75.65
2022-08-17,5247686.0,5183137.0,4440467.0,89.43,88.33,75.68
2022-08-18,5247806.0,5183503.0,4442132.0,89.43,88.34,75.7
2022-08-19,5247940.0,5183932.0,4444411.0,89.44,88.35,75.74
2022-08-20,5248087.0,5184330.0,4447384.0,89.44,88.35,75.79
2022-08-21,5248165.0,5184581.0,4448761.0,89.44,88.36,75.82
2022-08-22,5248310.0,5184993.0,4451015.0,89.44,88.36,75.86
2022-08-23,5248437.0,5185410.0,4452909.0,89.45,88.37,75.89
2022-08-24,5248563.0,5185800.0,4454552.0,89.45,88.38,75.92
2022-08-25,5248685.0,5186260.0,4456298.0,89.45,88.39,75.95
2022-08-26,5248840.0,5186727.0,4458584.0,89.45,88.39,75.98
2022-08-27,5248936.0,5187219.0,4461406.0,89.45,88.4,76.03
2022-08-28,5248999.0,5187477.0,4462361.0,89.45,88.41,76.05
2022-08-29,5249113.0,5187904.0,4464474.0,89.46,88.41,76.08
2022-08-30,5249198.0,5188319.0,4466067.0,89.46,88.42,76.11
2022-08-31,5249307.0,5188715.0,4467672.0,89.46,88.43,76.14
2022-09-01,5249482.0,5189180.0,4469533.0,89.46,88.44,76.17
2022-09-02,5249696.0,5189780.0,4471889.0,89.47,88.45,76.21
2022-09-03,5249820.0,5190182.0,4474092.0,89.47,88.45,76.25
2022-09-04,5249901.0,5190474.0,4475254.0,89.47,88.46,76.27
2022-09-05,5250082.0,5190959.0,4477340.0,89.47,88.47,76.3
2022-09-06,5250249.0,5191439.0,4479059.0,89.48,88.47,76.33
2022-09-07,5250432.0,5191914.0,4480650.0,89.48,88.48,76.36
2022-09-08,5250563.0,5192321.0,4482317.0,89.48,88.49,76.39
2022-09-09,5250707.0,5192773.0,4484226.0,89.48,88.5,76.42
2022-09-10,5250818.0,5193130.0,4486037.0,89.49,88.5,76.45
2022-09-11,5250872.0,5193375.0,4486991.0,89.49,88.51,76.47
2022-09-12,5250958.0,5193775.0,4488666.0,89.49,88.51,76.5
2022-09-13,5251047.0,5194109.0,4490012.0,89.49,88.52,76.52
2022-09-14,5251151.0,5194453.0,4491141.0,89.49,88.53,76.54
2022-09-15,5251274.0,5194818.0,4492325.0,89.49,88.53,76.56
2022-09-16,5251432.0,5195261.0,4493884.0,89.5,88.54,76.59
2022-09-17,5251573.0,5195603.0,4495482.0,89.5,88.54,76.61
2022-09-18,5251629.0,5195808.0,4496248.0,89.5,88.55,76.63
2022-09-19,5251743.0,5196166.0,4497706.0,89.5,88.55,76.65
2022-09-20,5251826.0,5196518.0,4498894.0,89.5,88.56,76.67
2022-09-21,5251941.0,5196852.0,4499987.0,89.5,88.57,76.69
2022-09-22,5252029.0,5197192.0,4501164.0,89.51,88.57,76.71
2022-09-23,5252158.0,5197554.0,4502705.0,89.51,88.58,76.74
2022-09-24,5252256.0,5197863.0,4504494.0,89.51,88.58,76.77
2022-09-25,5252327.0,5198132.0,4505590.0,89.51,88.59,76.79
2022-09-26,5252428.0,5198469.0,4506989.0,89.51,88.59,76.81
2022-09-27,5252542.0,5198800.0,4508257.0,89.52,88.6,76.83
2022-09-28,5252665.0,5199105.0,4509416.0,89.52,88.6,76.85
2022-09-29,5252768.0,5199388.0,4510602.0,89.52,88.61,76.87
2022-09-30,5252920.0,5199799.0,4512073.0,89.52,88.62,76.9
2022-10-01,5253019.0,5200101.0,4513473.0,89.52,88.62,76.92
2022-10-02,5253076.0,5200260.0,4513945.0,89.52,88.62,76.93
2022-10-03,5253184.0,5200581.0,4515265.0,89.53,88.63,76.95
2022-10-04,5253266.0,5200859.0,4516394.0,89.53,88.63,76.97
2022-10-05,5253357.0,5201121.0,4517621.0,89.53,88.64,76.99
2022-10-06,5253472.0,5201447.0,4518852.0,89.53,88.64,77.01
2022-10-07,5253676.0,5201865.0,4520475.0,89.53,88.65,77.04
2022-10-08,5253789.0,5202156.0,4522047.0,89.54,88.66,77.07
2022-10-09,5253839.0,5202307.0,4522526.0,89.54,88.66,77.07
2022-10-10,5253927.0,5202656.0,4524059.0,89.54,88.66,77.1
2022-10-11,5254011.0,5202955.0,4525432.0,89.54,88.67,77.12
2022-10-12,5254141.0,5203295.0,4526757.0,89.54,88.68,77.15
2022-10-13,5254256.0,5203622.0,4528022.0,89.54,88.68,77.17
2022-10-14,5254413.0,5203975.0,4529591.0,89.55,88.69,77.19
2022-10-15,5254533.0,5204323.0,4531128.0,89.55,88.69,77.22
2022-10-16,5254583.0,5204475.0,4531623.0,89.55,88.7,77.23
2022-10-17,5254716.0,5204866.0,4533293.0,89.55,88.7,77.26
2022-10-18,5254815.0,5205229.0,4534748.0,89.55,88.71,77.28
2022-10-19,5254953.0,5205585.0,4536210.0,89.56,88.71,77.31
2022-10-20,5255084.0,5205935.0,4537691.0,89.56,88.72,77.33
2022-10-21,5255252.0,5206316.0,4540011.0,89.56,88.73,77.37
2022-10-22,5255373.0,5206594.0,4542626.0,89.56,88.73,77.42
2022-10-23,5255418.0,5206806.0,4543543.0,89.56,88.74,77.43
2022-10-24,5255440.0,5206900.0,4544101.0,89.56,88.74,77.44
2022-10-25,5256159.0,5207301.0,4547323.0,89.58,88.74,77.5
2022-10-26,5256556.0,5207707.0,4549755.0,89.58,88.75,77.54
2022-10-27,5256929.0,5208034.0,4552030.0,89.59,88.76,77.58
2022-10-28,5257557.0,5208561.0,4555468.0,89.6,88.77,77.64
2022-10-29,5258376.0,5209077.0,4559671.0,89.61,88.77,77.71
2022-10-30,5258789.0,5209308.0,4560310.0,89.62,88.78,77.72
2022-10-31,5259016.0,5209662.0,4563325.0,89.63,88.78,77.77
2022-11-01,5259365.0,5210089.0,4565873.0,89.63,88.79,77.81
2022-11-02,5259693.0,5210566.0,4568435.0,89.64,88.8,77.86
2022-11-03,5260034.0,5211050.0,4571278.0,89.64,88.81,77.9
2022-11-04,5260977.0,5211672.0,4575037.0,89.66,88.82,77.97
2022-11-05,5261368.0,5212016.0,4578169.0,89.67,88.82,78.02
2022-11-06,5261715.0,5212208.0,4578733.0,89.67,88.83,78.03
2022-11-07,5261951.0,5212659.0,4582216.0,89.68,88.84,78.09
2022-11-08,5262306.0,5213060.0,4584947.0,89.68,88.84,78.14
2022-11-09,5262659.0,5213496.0,4587874.0,89.69,88.85,78.19
2022-11-10,5263000.0,5213851.0,4590649.0,89.69,88.86,78.23
2022-11-11,5263838.0,5214436.0,4594361.0,89.71,88.87,78.3
2022-11-12,5264373.0,5214826.0,4596838.0,89.72,88.87,78.34
2022-11-13,5264606.0,5214920.0,4597371.0,89.72,88.87,78.35
2022-11-14,5264772.0,5215311.0,4600153.0,89.72,88.88,78.4
2022-11-15,5265070.0,5215697.0,4602575.0,89.73,88.89,78.44
2022-11-16,5265328.0,5216018.0,4604685.0,89.73,88.89,78.47
2022-11-17,5265648.0,5216366.0,4607554.0,89.74,88.9,78.52
2022-11-18,5266235.0,5216899.0,4610839.0,89.75,88.91,78.58
2022-11-19,5266801.0,5217407.0,4613381.0,89.76,88.92,78.62
2022-11-20,5266975.0,5217565.0,4614043.0,89.76,88.92,78.63
2022-11-21,5267101.0,5217903.0,4617474.0,89.76,88.92,78.69
2022-11-22,5267505.0,5218286.0,4620573.0,89.77,88.93,78.74
2022-11-23,5267788.0,5218620.0,4623153.0,89.77,88.94,78.79
2022-11-24,5268083.0,5218954.0,4625570.0,89.78,88.94,78.83
2022-11-25,5268716.0,5219447.0,4628404.0,89.79,88.95,78.88
2022-11-26,5269430.0,5219960.0,4631310.0,89.8,88.96,78.93
2022-11-27,5269659.0,5220084.0,4631774.0,89.81,88.96,78.94
2022-11-28,5269807.0,5220404.0,4634783.0,89.81,88.97,78.99
2022-11-29,5270014.0,5220660.0,4636982.0,89.81,88.97,79.02
2022-11-30,5270316.0,5220995.0,4639235.0,89.82,88.98,79.06
2022-12-01,5270556.0,5221270.0,4641292.0,89.82,88.98,79.1
2022-12-02,5271005.0,5221683.0,4643511.0,89.83,88.99,79.14
2022-12-03,5271554.0,5222132.0,4646181.0,89.84,89.0,79.18
2022-12-04,5271745.0,5222240.0,4646650.0,89.84,89.0,79.19
2022-12-05,5271886.0,5222507.0,4649128.0,89.84,89.0,79.23
2022-12-06,5272049.0,5222748.0,4650934.0,89.85,89.01,79.26
2022-12-07,5272205.0,5222962.0,4652564.0,89.85,89.01,79.29
2022-12-08,5272433.0,5223229.0,4654210.0,89.85,89.02,79.32
2022-12-09,5272829.0,5223594.0,4655947.0,89.86,89.02,79.35
2022-12-10,5273338.0,5223929.0,4658320.0,89.87,89.03,79.39
2022-12-11,5273495.0,5224042.0,4658762.0,89.87,89.03,79.4
2022-12-12,5273585.0,5224304.0,4661036.0,89.87,89.03,79.43
2022-12-13,5273762.0,5224646.0,4662904.0,89.88,89.04,79.47
2022-12-14,5273931.0,5224911.0,4664598.0,89.88,89.04,79.5
2022-12-15,5274103.0,5225202.0,4666353.0,89.88,89.05,79.53
2022-12-16,5274387.0,5225637.0,4668443.0,89.89,89.06,79.56
2022-12-17,5274754.0,5226177.0,4670911.0,89.89,89.07,79.6
2022-12-18,5274789.0,5226435.0,4671376.0,89.89,89.07,79.61
2022-12-19,5275020.0,5226668.0,4673786.0,89.9,89.07,79.65
2022-12-20,5275175.0,5226955.0,4675630.0,89.9,89.08,79.68
2022-12-21,5275336.0,5227253.0,4677294.0,89.9,89.08,79.71
2022-12-22,5275490.0,5227557.0,4679050.0,89.91,89.09,79.74
2022-12-23,5275825.0,5228060.0,4681181.0,89.91,89.1,79.78
2022-12-24,5275986.0,5228414.0,4682742.0,89.91,89.1,79.8
2022-12-25,5276173.0,5228654.0,4683043.0,89.92,89.11,79.81
2022-12-26,5276185.0,5228691.0,4683343.0,89.92,89.11,79.81
2022-12-27,5276345.0,5228997.0,4686069.0,89.92,89.11,79.86
2022-12-28,5276577.0,5229355.0,4688297.0,89.92,89.12,79.9
2022-12-29,5276785.0,5229734.0,4690496.0,89.93,89.13,79.94
2022-12-30,5277204.0,5230416.0,4692753.0,89.94,89.14,79.97
2022-12-31,5277405.0,5230785.0,4694376.0,89.94,89.14,80.0
2023-01-01,5277508.0,5230925.0,4694602.0,89.94,89.15,80.01
2023-01-02,5277521.0,5230945.0,4694809.0,89.94,89.15,80.01
2023-01-03,5277571.0,5231116.0,4696034.0,89.94,89.15,80.03
2023-01-04,5277705.0,5231358.0,4697112.0,89.94,89.15,80.05
2023-01-05,5277855.0,5231611.0,4698037.0,89.95,89.16,80.07
2023-01-06,5278177.0,5232114.0,4699613.0,89.95,89.17,80.09
2023-01-07,5278690.0,5232828.0,4701868.0,89.96,89.18,80.13
2023-01-08,5278809.0,5232954.0,4702228.0,89.96,89.18,80.14
2023-01-09,5278864.0,5233123.0,4703559.0,89.96,89.18,80.16
2023-01-10,5278987.0,5233345.0,4704593.0,89.97,89.19,80.18
2023-01-11,5279089.0,5233545.0,4705447.0,89.97,89.19,80.19
2023-01-12,5279201.0,5233779.0,4706367.0,89.97,89.2,80.21
2023-01-13,5279411.0,5234198.0,4707677.0,89.97,89.2,80.23
2023-01-14,5279757.0,5234893.0,4709503.0,89.98,89.21,80.26
2023-01-15,5279891.0,5234916.0,4709820.0,89.98,89.21,80.27
2023-01-16,5279954.0,5235199.0,4710871.0,89.98,89.22,80.28
2023-01-17,5280060.0,5235391.0,4711600.0,89.98,89.22,80.3
2023-01-18,5280148.0,5235566.0,4712298.0,89.99,89.23,80.31
2023-01-19,5280218.0,5235702.0,4713046.0,89.99,89.23,80.32
2023-01-20,5280412.0,5236018.0,4714335.0,89.99,89.23,80.34
2023-01-21,5280566.0,5236290.0,4715308.0,89.99,89.24,80.36
2023-01-22,5280628.0,5236377.0,4715449.0,89.99,89.24,80.36
2023-01-23,5280632.0,5236406.0,4715557.0,89.99,89.24,80.36
2023-01-24,5280637.0,5236474.0,4715629.0,89.99,89.24,80.36
2023-01-25,5280674.0,5236503.0,4716238.0,89.99,89.24,80.38
2023-01-26,5280746.0,5236656.0,4716884.0,90.0,89.24,80.39
2023-01-27,5280878.0,5236956.0,4717693.0,90.0,89.25,80.4
2023-01-28,5281114.0,5237510.0,4718661.0,90.0,89.26,80.42
2023-01-29,5281172.0,5237641.0,4718820.0,90.0,89.26,80.42
2023-01-30,5281199.0,5237713.0,4719397.0,90.0,89.26,80.43
2023-01-31,5281265.0,5237880.0,4719929.0,90.0,89.27,80.44
2023-02-01,5281318.0,5237990.0,4720422.0,90.01,89.27,80.45
2023-02-02,5281362.0,5238111.0,4721052.0,90.01,89.27,80.46
2023-02-03,5281488.0,5238357.0,4721757.0,90.01,89.27,80.47
2023-02-04,5281709.0,5238770.0,4722758.0,90.01,89.28,80.49
2023-02-05,5281756.0,5238851.0,4722891.0,90.01,89.28,80.49
2023-02-06,5281771.0,5238907.0,4723455.0,90.01,89.28,80.5
2023-02-07,5281824.0,5238993.0,4723944.0,90.01,89.28,80.51
2023-02-08,5281874.0,5239089.0,4724511.0,90.01,89.29,80.52
2023-02-09,5281942.0,5239183.0,4725021.0,90.02,89.29,80.52
2023-02-10,5282088.0,5239382.0,4725839.0,90.02,89.29,80.54
2023-02-11,5282340.0,5239794.0,4726845.0,90.02,89.3,80.56
2023-02-12,5282381.0,5239830.0,4726969.0,90.02,89.3,80.56
2023-02-13,5282398.0,5239901.0,4727466.0,90.02,89.3,80.57
2023-02-14,5282440.0,5239990.0,4727871.0,90.02,89.3,80.57
2023-02-15,5282477.0,5240073.0,4728254.0,90.03,89.3,80.58
2023-02-16,5282513.0,5240160.0,4728663.0,90.03,89.3,80.59
2023-02-17,5282617.0,5240358.0,4729217.0,90.03,89.31,80.6
2023-02-18,5282796.0,5240735.0,4729914.0,90.03,89.31,80.61
2023-02-19,5282825.0,5240785.0,4730001.0,90.03,89.31,80.61
2023-02-20,5282835.0,5240829.0,4730289.0,90.03,89.32,80.61
2023-02-21,5282861.0,5240906.0,4730562.0,90.03,89.32,80.62
2023-02-22,5282902.0,5240978.0,4730909.0,90.03,89.32,80.63
2023-02-23,5282936.0,5241075.0,4731497.0,90.03,89.32,80.64
2023-02-24,5283022.0,5241249.0,4732097.0,90.03,89.32,80.65
2023-02-25,5283154.0,5241607.0,4732736.0,90.04,89.33,80.66
2023-02-26,5283184.0,5241685.0,4732895.0,90.04,89.33,80.66
2023-02-27,5283200.0,5241714.0,4733356.0,90.04,89.33,80.67
2023-02-28,5283216.0,5241806.0,4733748.0,90.04,89.33,80.67
2023-03-01,5283243.0,5241873.0,4734023.0,90.04,89.33,80.68
2023-03-02,5283282.0,5241941.0,4734288.0,90.04,89.33,80.68
2023-03-03,5283355.0,5242081.0,4734696.0,90.04,89.34,80.69
2023-03-04,5283430.0,5242280.0,4735043.0,90.04,89.34,80.7
2023-03-05,5283450.0,5242343.0,4735115.0,90.04,89.34,80.7
2023-03-06,5283456.0,5242363.0,4735379.0,90.04,89.34,80.7
2023-03-07,5283472.0,5242415.0,4735646.0,90.04,89.34,80.71
2023-03-08,5283493.0,5242466.0,4735977.0,90.04,89.34,80.71
2023-03-09,5283520.0,5242522.0,4736287.0,90.04,89.34,80.72
2023-03-10,5283615.0,5242675.0,4736812.0,90.04,89.35,80.73
2023-03-11,5283731.0,5242838.0,4737387.0,90.05,89.35,80.74
2023-03-12,5283740.0,5242887.0,4737483.0,90.05,89.35,80.74
2023-03-13,5283796.0,5242927.0,4738001.0,90.05,89.35,80.75
2023-03-14,5283839.0,5242998.0,4738389.0,90.05,89.35,80.75
2023-03-15,5283859.0,5243056.0,4738800.0,90.05,89.35,80.76
2023-03-16,5283893.0,5243114.0,4739121.0,90.05,89.35,80.77
2023-03-17,5283968.0,5243225.0,4739555.0,90.05,89.36,80.77
2023-03-18,5284041.0,5243390.0,4739888.0,90.05,89.36,80.78
2023-03-19,5284068.0,5243434.0,4739936.0,90.05,89.36,80.78
2023-03-20,5284073.0,5243462.0,4740193.0,90.05,89.36,80.78
2023-03-21,5284092.0,5243501.0,4740395.0,90.05,89.36,80.79
2023-03-22,5284111.0,5243550.0,4740590.0,90.05,89.36,80.79
2023-03-23,5284134.0,5243604.0,4740787.0,90.05,89.36,80.79
2023-03-24,5284174.0,5243707.0,4741072.0,90.05,89.36,80.8
2023-03-25,5284255.0,5243878.0,4741347.0,90.06,89.37,80.8
2023-03-26,5284259.0,5243903.0,4741398.0,90.06,89.37,80.8
2023-03-27,5284273.0,5243933.0,4741594.0,90.06,89.37,80.81
2023-03-28,5284292.0,5243989.0,4741801.0,90.06,89.37,80.81
2023-03-29,5284308.0,5244039.0,4742013.0,90.06,89.37,80.81
2023-03-30,5284327.0,5244086.0,4742196.0,90.06,89.37,80.82
2023-03-31,5284390.0,5244205.0,4742496.0,90.06,89.37,80.82
2023-04-01,5284459.0,5244345.0,4742785.0,90.06,89.38,80.83
2023-04-02,5284479.0,5244384.0,4742820.0,90.06,89.38,80.83
2023-04-03,5284479.0,5244414.0,4743041.0,90.06,89.38,80.83
2023-04-04,5284494.0,5244462.0,4743220.0,90.06,89.38,80.84
2023-04-05,5284512.0,5244519.0,4743396.0,90.06,89.38,80.84
2023-04-06,5284543.0,5244584.0,4743651.0,90.06,89.38,80.84
2023-04-07,5284574.0,5244649.0,4743687.0,90.06,89.38,80.84
2023-04-08,5284638.0,5244747.0,4743977.0,90.06,89.38,80.85
2023-04-09,5284659.0,5244795.0,4744024.0,90.06,89.38,80.85
2023-04-10,5284661.0,5244809.0,4744263.0,90.06,89.38,80.85
2023-04-11,5284684.0,5244848.0,4744491.0,90.06,89.38,80.86
2023-04-12,5284706.0,5244903.0,4744651.0,90.06,89.38,80.86
2023-04-13,5284717.0,5244952.0,4744821.0,90.06,89.39,80.86
2023-04-14,5284779.0,5245057.0,4745075.0,90.06,89.39,80.87
2023-04-15,5284842.0,5245190.0,4745348.0,90.07,89.39,80.87
2023-04-16,5284853.0,5245225.0,4745404.0,90.07,89.39,80.87
2023-04-17,5284874.0,5245260.0,4745575.0,90.07,89.39,80.88
2023-04-18,5284898.0,5245300.0,4745702.0,90.07,89.39,80.88
2023-04-19,5284916.0,5245346.0,4745887.0,90.07,89.39,80.88
2023-04-20,5284932.0,5245390.0,4746051.0,90.07,89.39,80.88
2023-04-21,5284978.0,5245471.0,4746298.0,90.07,89.39,80.89
2023-04-22,5284983.0,5245524.0,4746334.0,90.07,89.4,80.89
2023-04-23,5284988.0,5245538.0,4746404.0,90.07,89.4,80.89
2023-04-24,5285019.0,5245595.0,4746790.0,90.07,89.4,80.9
2023-04-25,5285038.0,5245648.0,4746997.0,90.07,89.4,80.9
2023-04-26,5285058.0,5245694.0,4747253.0,90.07,89.4,80.9
2023-04-27,5285081.0,5245756.0,4747510.0,90.07,89.4,80.91
2023-04-28,5285157.0,5245881.0,4747878.0,90.07,89.4,80.91
2023-04-29,5285251.0,5246023.0,4748223.0,90.07,89.4,80.92
2023-04-30,5285258.0,5246060.0,4748274.0,90.07,89.4,80.92
2023-05-01,5285271.0,5246105.0,4748307.0,90.07,89.41,80.92
2023-05-02,5285279.0,5246106.0,4748496.0,90.07,89.41,80.92
2023-05-03,5285295.0,5246146.0,4748696.0,90.07,89.41,80.93
2023-05-04,5285313.0,5246187.0,4748943.0,90.07,89.41,80.93
2023-05-05,5285340.0,5246259.0,4749348.0,90.07,89.41,80.94
2023-05-06,5285412.0,5246369.0,4749647.0,90.08,89.41,80.94
2023-05-07,5285424.0,5246399.0,4749729.0,90.08,89.41,80.95
2023-05-08,5285433.0,5246429.0,4750039.0,90.08,89.41,80.95
2023-05-09,5285453.0,5246485.0,4750303.0,90.08,89.41,80.96
2023-05-10,5285459.0,5246523.0,4750562.0,90.08,89.41,80.96
2023-05-11,5285477.0,5246564.0,4750844.0,90.08,89.41,80.96
2023-05-12,5285519.0,5246647.0,4751122.0,90.08,89.41,80.97
2023-05-13,5285569.0,5246746.0,4751378.0,90.08,89.42,80.97
2023-05-14,5285590.0,5246795.0,4751434.0,90.08,89.42,80.98
2023-05-15,5285597.0,5246804.0,4751640.0,90.08,89.42,80.98
2023-05-16,5285619.0,5246852.0,4751828.0,90.08,89.42,80.98
2023-05-17,5285629.0,5246888.0,4752020.0,90.08,89.42,80.99
2023-05-18,5285645.0,5246928.0,4752202.0,90.08,89.42,80.99
2023-05-19,5285678.0,5246980.0,4752469.0,90.08,89.42,80.99
2023-05-20,5285723.0,5247059.0,4752731.0,90.08,89.42,81.0
2023-05-21,5285739.0,5247090.0,4752781.0,90.08,89.42,81.0
2023-05-22,5285744.0,5247094.0,4753039.0,90.08,89.42,81.0
2023-05-23,5285755.0,5247126.0,4753265.0,90.08,89.42,81.01
2023-05-24,5285768.0,5247163.0,4753499.0,90.08,89.42,81.01
2023-05-25,5285787.0,5247197.0,4753784.0,90.08,89.42,81.02
2023-05-26,5285838.0,5247277.0,4754132.0,90.08,89.43,81.02
2023-05-27,5285869.0,5247372.0,4754414.0,90.08,89.43,81.03
2023-05-28,5285876.0,5247409.0,4754466.0,90.08,89.43,81.03
2023-05-29,5285879.0,5247431.0,4754806.0,90.08,89.43,81.03
2023-05-30,5285905.0,5247474.0,4755071.0,90.08,89.43,81.04
2023-05-31,5285918.0,5247520.0,4755339.0,90.08,89.43,81.04
2023-06-01,5285940.0,5247568.0,4755622.0,90.08,89.43,81.05
2023-06-02,5285956.0,5247579.0,4755670.0,90.08,89.43,81.05
2023-06-03,5285981.0,5247654.0,4755964.0,90.08,89.43,81.05
2023-06-04,5286007.0,5247700.0,4756030.0,90.09,89.43,81.05
2023-06-05,5286007.0,5247736.0,4756410.0,90.09,89.43,81.06
2023-06-06,5286035.0,5247805.0,4756731.0,90.09,89.43,81.07
2023-06-07,5286048.0,5247849.0,4756987.0,90.09,89.44,81.07
2023-06-08,5286064.0,5247902.0,4757211.0,90.09,89.44,81.07
2023-06-09,5286104.0,5247986.0,4757487.0,90.09,89.44,81.08
2023-06-10,5286142.0,5248062.0,4757749.0,90.09,89.44,81.08
2023-06-11,5286150.0,5248078.0,4757781.0,90.09,89.44,81.08
2023-06-12,5286178.0,5248136.0,4758068.0,90.09,89.44,81.09
2023-06-13,5286188.0,5248178.0,4758324.0,90.09,89.44,81.09
2023-06-14,5286199.0,5248209.0,4758549.0,90.09,89.44,81.1
2023-06-15,5286206.0,5248241.0,4758781.0,90.09,89.44,81.1
2023-06-16,5286221.0,5248280.0,4759050.0,90.09,89.44,81.1
2023-06-17,5286238.0,5248327.0,4759254.0,90.09,89.44,81.11
2023-06-18,5286244.0,5248351.0,4759301.0,90.09,89.44,81.11
2023-06-19,5286246.0,5248370.0,4759545.0,90.09,89.44,81.11
2023-06-20,5286262.0,5248406.0,4759763.0,90.09,89.44,81.12
2023-06-21,5286274.0,5248431.0,4759994.0,90.09,89.44,81.12
2023-06-22,5286287.0,5248465.0,4760187.0,90.09,89.45,81.12
2023-06-23,5286298.0,5248517.0,4760426.0,90.09,89.45,81.13
2023-06-24,5286309.0,5248571.0,4760643.0,90.09,89.45,81.13
2023-06-25,5286318.0,5248589.0,4760721.0,90.09,89.45,81.13
2023-06-26,5286318.0,5248607.0,4760866.0,90.09,89.45,81.14
2023-06-27,5286323.0,5248641.0,4761052.0,90.09,89.45,81.14
